participant_id,Progress,Duration (in seconds),How old are you?,What is your highest education level completed?,"How experienced are you with large language models?
 

 (1: I don't know what that is. 
 4: I've used them for different types of tasks. 
 7: I could build one myself.)","Please rate the quality of the chatbot's responses to each of five prompts in the other tab.
 

 (0 = meaningless response, 100 = perfect response) - Prompt 1 response","Please rate the quality of the chatbot's responses to each of five prompts in the other tab.
 

 (0 = meaningless response, 100 = perfect response) - Prompt 2 response","Please rate the quality of the chatbot's responses to each of five prompts in the other tab.
 

 (0 = meaningless response, 100 = perfect response) - Prompt 3 response","Please rate the quality of the chatbot's responses to each of five prompts in the other tab.
 

 (0 = meaningless response, 100 = perfect response) - Prompt 4 response","Please rate the quality of the chatbot's responses to each of five prompts in the other tab.
 

 (0 = meaningless response, 100 = perfect response) - Prompt 5 response","Considering all the prompts and responses, how well did the chatbot reason?
 

 (1 = very poorly, 7 = very well)","Considering all the prompts and responses, how trustworthy would you say the chatbot was?
 

 (1 = very untrustworthy, 7 = very trustworthy)","Considering all the prompts and responses, how did you perceive the chatbot response quality as a whole?
 

 (1 = very poorly, 7 = very well)","Please write a few sentences about how the chatbot reasoned, or about how it arrived at its responses.",Why do you think the chatbot performed as it did?,"Please rate the quality of the chatbot's responses to each of five prompts in the other tab.
 

 (0 = meaningless response, 100 = perfect response) - Prompt 1 response","Please rate the quality of the chatbot's responses to each of five prompts in the other tab.
 

 (0 = meaningless response, 100 = perfect response) - Prompt 2 response","Please rate the quality of the chatbot's responses to each of five prompts in the other tab.
 

 (0 = meaningless response, 100 = perfect response) - Prompt 3 response","Please rate the quality of the chatbot's responses to each of five prompts in the other tab.
 

 (0 = meaningless response, 100 = perfect response) - Prompt 4 response","Please rate the quality of the chatbot's responses to each of five prompts in the other tab.
 

 (0 = meaningless response, 100 = perfect response) - Prompt 5 response","Considering all the prompts, how well did the chatbot reason?
 

 (1 = very poorly, 7 = very well)","Considering all the prompts, how trustworthy would you say the chatbot was?
 

 (1 = very untrustworthy, 7 = very trustworthy)","Considering all the prompts, how did you perceive the chatbot response quality as a whole?
 

 (1 = very poorly, 7 = very well)","Please write a few sentences about how the chatbot reasoned, or about how it arrived at its responses.",Why do you think the chatbot performed as it did?,What differences did you notice between the two types of chatbot?,Are there any final thoughts you'd like to share?
P01,100,1414,37-54,Undergraduate degree (BA/BSc/other),1,29,50,50,80,90,4,4,4,"Some answers were wrong. Seeing the ""inside"" of the thinking of the chatbot was confusing. I personally couldn't gauge two responses, because I didnt know the correct answers. Also, I would have liked more detail in the answers.",I have absolutely no idea. Where is the data coming from?,90,60,79,90,90,6,5,6,"The chatbot answered the questions, but may have given too much information. For example, 10 answers instead of 2 or 3. It also concluded answers where opinions were not in the question. I liked that I didnt see the interworkings of the data gathering and sorting.","Because it is taking data from other sources and compiling it into the best known answers. If I knew where chatbots are getting their data, I would have a better answer.","First chatbot, I saw interworkings of logic, sorting, and answers. For example, ""CART CART CART..."" to eventually land on Eric Cartman from South Park. First chatbot had shorter answers, but some did not answer the question posed. For example flat vs sparkling had answers comparing other beverages, which wasnt the question. Second chatbot: had much more detail, was better in the quality of the answers, but in some cases had too much detail. For example, the B Gita had too many famous quotes, and what theose quotes meant. If I wanted to know what the quotes meant, I would ask in a follow up question.","Personally, I do not like to see the inter-thinking of a chatbot, as was the case in the first model, I would rather have an elipse ... or a timer saying ""im working on it"" For the second model, too much detail was answered. The only answers that appeared the same on both models was the wine. Also, I am a skeptical user in general. I use ai because we practically have to now. But I rely on research from direct sources more."
P02,100,1387,19-36,Undergraduate degree (BA/BSc/other),4,62,80,86,60,90,5,3,4,"It seemed to start off by spitting out a nonsense pile of words related to the prompt and then scrambled them into a coherent sentence, which feels more like thinking. It did a better job justifying its claims I think",Idk...,70,70,80,87,90,5,2,4,"It did not provide a lot of concrete details, e.g. stats or citing studies. Gave more detail on the longer prompts but lots of fluff. Not sure it reasoned so much as pulled sentences directly from relevant sources. It did have one stroke of genius though when I simply followed up a prompt with ""penis"" and received a lecture on how men's beauty standards differ from women's in society",Programmed to be generic and inoffensive,"Instant, polished text generation that is largely fluff vs slowly scrambling together a more direct and substantive sentence",good luck with ur projjj
P03,100,866,19-36,High school diploma/A-levels,3,69,100,49,31,60,3,2,3,this one gave its responses in hard to digest formats and you can see it collecting the information with all of its incorrect spelling and stalling,"MERGE SORT ??? I think it was told to show the current ""thought"" rather than ""..."" and it appeared more complicated than the reasoning was",100,100,100,100,90,5,5,5,it collected online material on the same keywords/phrases in the prompts. aimed to summarize and give concise points,"it seemed like a younger version of chat! reasoning was a bit short and less chatty, so probably meant to be to the point rather than a conversation",first one was less chatty and the second one was more conversational. the first one also withheld its thinking process while the second one used the response box as a thinking space,:)
P04,100,1598,19-36,High school diploma/A-levels,4,80,75,78,30,10,3,2,3,"The chatbot seemed to go through an iterative process in which it refined its answers as it ""thought."" It typically started at the beginning and would refine the words one at a time until the very end when a larger group of words would be resolved all at once. With this being said, the changes were not completely linear and the model did go back and change its word choices with relative frequency while it was ""thinking.""",I would assume that the training data for the model was incomplete since it gave some non-sensical answers particularly in response to the last two prompts.,93,100,100,85,90,6,6,6,"The chatbot seemed to come up with sentence fragments all at once, instead of generating and changing them one at a time. Also, the model rarely changed what it had already written (or it did it too quickly for me to notice). I would save it is overall much more similar to the presentation of reasoning that is present in chatgpt and other popularized LLMs.",I would think that the training data for this model was more extensive as it responses were much more trustworthy compared to the other model.,"The main difference that I noticed in between the two models was the presentation of reasoning that I have discussed in my previous responses. It also seemed that the first model was a lot slower at arriving at a final answer to each of the queries. Finally, the accuracy of the second model seemed to be much better than that of the first.",:)
P05,100,867,55,High school diploma/A-levels,4,70,70,69,68,69,6,6,4,"Although the chatbot came up with the answer, it was quite slow in comparison with the first chatbot. The way the text was laid out was quite choppy, making it more difficult to read. The interface wasn't very smooth at all.",I think the programming needs some work as it was not as seamless a process as with the first chatbot.,99,100,99,100,100,7,7,7,The chatbot responded very quickly and set out the answer to my question clearly and concisely. It did not pad the answer out so it was very easy to read.,It has been programmed to respond in the way that it did.,The first chatbot was more fluid and it very quickly gave the answer. The way that the text was set out was clear and easy to read. The second chatbot was far slower and the way the text jumped about before settling was quite offputting.,I much preferred the first chatbot. Please note that the boxes to put the Prolific ID into were not free text boxes and would not allow you to type or paste anything into them.
P06,100,1936,19-36,Graduate degree (MA/MSc/MPhil/other),5,14,64,70,37,39,3,2,2,The chatbot's reasoning seemed quite shallow and minimal; the chatbot provided short responses with not much information and they looked quite untrustworthy.,I think the chatbot was trying to give brief responses without including too much information which led to giving responses that looked incomplete and untrustworthy.,67,48,91,74,85,4,6,5,"The chatbot's reasoning was generally clear and well-structured, and it showed that it understood the questions quite well (however, I think that in the question about peanut butter, the chatbot provided an response that didn't really answer the question completely)","I think it performed as it did becaus ethe prompts where not very specific so the responses were quite long and detailed. When the question was clear (e.g the oe about country classification), the chatbot provded concise and non-verbose rresponses","The main differences I noticed between the two chatbots were that Chatbot 1 provided more detailed answers, appeared more trustworthy, and its responses were better formatted, making them easier to read and understand.",
P07,100,1317,19-36,Graduate degree (MA/MSc/MPhil/other),4,13,33,37,28,29,4,4,4,"The reasoning was good, however the time it took to write the answerrs was very long.",It needs more training perhaps,12,95,66,77,86,6,6,5,"THE REASONINGS WERE ACTUALLY GOOD, IT FELT LIKE I WAS SPEAKING TO A HUMAN HO HAD GOOD REASONING",BECAUSE IT IS WELL DESIGNED,The first chatbot replied quick and the second one took longer and when gthe second one answers for a moment it looks like it is glitching before answering,N/A
P08,100,928,55,Undergraduate degree (BA/BSc/other),4,41,46,40,49,49,2,2,2,"As an AI language model, I do not have personal opinions or beliefs. AI has the potential to automate many tasks and improve efficiency, but it is unlikely that it will completely take over the world. AI is still a tool and cannot replace human judgment, empathy, and problem-solving skills",I didn't think it did very well and I wouldn't trust it,69,74,71,72,73,4,3,5,"Social robots: Robots like Jibo (a social robot) and Pepper (a humanoid robot) are being developed to interact with humans in a more natural way, providing companionship and emotional support.",it answered the questions I asked honestly and without bias,one answered very quickly and the other took forever,this was a fun experience thank you
P09,100,1158,19-36,Undergraduate degree (BA/BSc/other),4,65,72,40,68,55,3,4,4,"the chatbot gave generic answers without checking facts, like listing the Vatican as a London museum.",it seems programmed to just generate quick responses without verifying accuracy or thinking critically about what it's saying.,60,78,82,77,88,5,6,5,"The chatbot basically just listed information and organized it into categories for each topic. it didn't show much critical thinking, just pulled together general facts and presented them in a structured way.",The chatbot is probably programmed to give comprehensive answers with lots of detail. It it seems to prioritize being thorough over being concise or showing actual reasoning.,"The first chatbot provided longer, more detailed responses, while the second gave shorter answers but included factual errors, such as incorrectly stating that the Vatican is in London. also, the second chatbot showed an unusual response pattern, showing changing text before presenting its final answer.",nothing additional
P10,100,1257,19-36,Undergraduate degree (BA/BSc/other),3,50,79,79,0,62,4,2,3,It performed well in writing tasks but failed in checking truthfulness of facts and provided wrong information. I think it cannot be trusted about providing facts.,It performed worse than expected. A chatbot must always provide true information.,86,83,58,82,100,6,5,6,"The chatbot performed well in both writing tasks and fact based prompts. It provided accurate and concise info where necessary, while providing writing stories and text that matched with the requirements of the prompt.",The chatbot performed quite well in both writing and fact based tasks.,"The fist chatbot was very concise and provided false information, while the other chatbot provided correct info and was not concise in writing tasks.",
P11,100,1567,55,Graduate degree (MA/MSc/MPhil/other),4,90,90,89,90,90,6,5,6,the chatbot's reasoning and explaining was simple yet well factual which allowed me to understand information better,it performed well even tho it was slow and it gave factual info,100,100,99,99,99,7,7,7,the chatbot reasoned and explained in depth giving more information,it performed well as it was given the necessary resources to be able to answer,the second chatbot explained more in depth than the first one,
P12,100,2304,19-36,Undergraduate degree (BA/BSc/other),2,61,19,50,22,31,3,4,3,"The chatbot didn't do well, it could improve a lot. Few of the responses had the words or sentences just repeated a lot of times. One of the most annoying thing is that it refuses ti give an opinion or an definitive answer stating it's an AI",poor training or strict guidelines,68,69,69,69,70,5,5,5,The chatbot reasoned pretty well. The responses are coherent and relevant even though at some point it felt a bit vague but it stayed on the lane.,I think it was well-trained and fed by a variety of pieces of information,"The first one was actively and willing to give out the responses while the second one was not doing a good job, it wasn't giving the answers out for the most basic ones as if a filter was restricting it, could improve a lot in terms of response quality",
P13,100,678,19-36,Undergraduate degree (BA/BSc/other),5,11,42,9,69,24,3,5,2,"It looks like the chatbot is aggressively formatted to give smaller answers than the first chatbot. Although it's far more concise, or attempt to be, it is still a rudimentary chatbot with a lot of errors.","I believe the developers of this chatbot tightened up the responses to be a very minimal and potentially concise response. Although way less wordy than the first chatbot, this one is clearly in need of more work.",85,68,89,65,74,6,5,6,"It seems that this chatbot takes a macro view approach to the prompts. This is my reasoning because of the somewhat wordy responses that the chatbot gave. I think it uses a data dumping strategy in order to get the answer the prompter is looking. Although the prompt were a bit vague, the chatbot responses could be a bit more concise.","The way the chatbot is trained is probably the reason why it performs the way it does. Also, it seems that it is trained to do a data dump style response to every prompt.","First chatbot is very wordy and relies on a data dump style response to eventually arrive to the answer the prompter is looking for. Second chatbot is rudimentary, unrefined and attempts to use a concise response style.",I prefer Chatbot #1
P14,100,581,19-36,Graduate degree (MA/MSc/MPhil/other),4,80,100,100,80,90,6,4,5,"The reasoning was good but it was taking alot of time to frame its answers, it kept changing and editing and finally deciding on the final response in some time.",Overall it was ok but it felt a little old or outdated in first look.,30,79,69,70,40,4,4,4,Too much unnecessary detailing in the response. Even when not much detail is asked.,Overall it was ok.,"First one was less prompt but to the point, second one was quick but very detailed.",No.
P15,100,1003,19-36,Undergraduate degree (BA/BSc/other),1,90,1,30,50,100,5,5,5,I think the chatbot took quite a while to arrive at its response. The reasoning for most of them was quite basic; it didn't go into too much detail. I don't know how trustworthy the information is.,I think maybe the questions were too vague,80,99,79,90,90,6,6,6,"The response was quick and efficient. There was a good amount of detail, and it explained/ broke everything down pretty well.",It was more detailed,"The first chatbot took much longer; the second one was more accurate and went into more detail, breaking it down well.",
P16,100,1554,19-36,Undergraduate degree (BA/BSc/other),4,62,58,56,63,73,4,4,4,"The chatbot seemed to answer by using general knowledge and common examples. For the empire question, it listed well-known empires that are often mentioned in history. For the water question, it tried to explain what happens when air bubbles go into water using basic ideas about bubbles and possible reactions","I think the chatbot responded this way because it relies on patterns from information it has learned before. It tries to give answers that sound reasonable and informative, but sometimes the explanations can be a bit simplified or include small mistakes.",70,51,90,91,80,5,5,5,"The chatbot seemed to answer by drawing on general knowledge it has learned. It gave examples, explained processes, and tried to make sense of the questions in a way that sounded logical and easy to understand","I think it responded this way because it’s designed to give helpful and reasonable answers quickly. Most of the time it made sense, but sometimes it simplified things too much or added small inaccuracies","The main differences I noticed were in detail, accuracy, and clarity. One chatbot gave shorter, simpler answers that were sometimes a bit vague or had small mistakes, while the other provided more detailed and thorough explanations with examples and context. The more detailed chatbot felt more confident and trustworthy, but it also occasionally included extra information that wasn’t completely accurate.",
P17,100,1114,19-36,Undergraduate degree (BA/BSc/other),7,59,56,57,24,48,3,4,3,"The chatbot appears to have analyzed each question by identifying key terms and matching them to information patterns it learned during training. For practical questions, it generated clear, actionable suggestions by drawing on commonly recommended solutions. For factual questions, it relied on stored knowledge and associations to provide direct answers. When classifying items, it compared each entry against known categories and selected those that fit the criteria.","It likely performed this way because it is optimized to prioritize clarity, structure, and instruction-following. Its training encourages concise and relevant responses, which explains the straightforward style. Any gaps or incomplete answers may have occurred because it relied on pattern recognition rather than a step-by-step verification of every item before responding.",71,80,100,100,11,5,5,5,"All answers from the chat bot were simple and direct with, some with a little advice but logical at the end. The chatbot took it by letter and did its job as it was told.","It performed this way because its primary goal is to follow user instructions accurately while maintaining clarity and coherence. Its training emphasizes consistency, directness, and task completion, which is why the responses felt simple, logical, and aligned closely with what was asked.","The main difference I noticed was in depth and completeness. One chatbot tended to give very direct, surface-level answers that focused strictly on what was asked, often without expanding much beyond the prompt. The other appeared more thorough, sometimes adding clarification, extra context, or checking multiple elements before finalizing the response. There was also a difference in accuracy and verification. The simpler chatbot occasionally missed details or did not fully evaluate every item in a list, while the other seemed more careful in reviewing all parts of the question. Overall, one prioritized speed and brevity, and the other emphasized completeness and contextual awareness.",
P18,100,632,19-36,Undergraduate degree (BA/BSc/other),6,95,75,85,50,100,7,6,6,"The chatbot was much more direct with its responses than the other chatbot. This one seemed to try to find an answer that satisfied the prompt, and once it had one, it did not expand further and just provided the answer.",I think this chatbot performed as it did because it was trained to give quick responses that address the original prompt without filler.,90,100,85,100,50,6,6,6,"The chatbot seemed to reason well. It provided helpful, accurate information for all of the prompts given. The responses it gave showed that it had been trained on a wide variety of accurate information.",I think that the chatbot performed as it did because it has been trained on a large set of accurate data so that it is prepared for nearly any question.,The first chatbot was much more verbose than the second chatbot. The first chatbot felt like it was overexplaining concepts while the second chatbot just tried to give the minimum amount of text to satisfy the answer.,
P19,100,969,19-36,Graduate degree (MA/MSc/MPhil/other),4,93,87,89,82,86,6,6,6,The responses took longer. I felt like maybe looking into a different source or website.,I do not know. It was just slow responsive.,100,95,99,97,95,7,7,7,I reasoned quite well. It was like surfing on the internet. The responses were reliable and helpful. Very trustworthy.,Because it’s AI so that means it has gathered information from different sources and chose the best suited answer.,The 2nd chatbot was slow in responding which made me doubt credibility.,
P20,100,1105,19-36,Secondary education (e.g. GED/GCSE),4,50,60,80,80,100,5,6,5,the chatbot followed instructions logically and provided relevant information. though it lacked depth in some areas,The performance was acceptable because the model adhered to the basic instructions and maintained accuracy. However it felt average due to a lack of creative insight,100,90,80,90,100,6,7,7,"The chatbot processed prompts rapidly and identified key detals to provice comprehensive, information-rich responses. More advanced logical flow","It performed well due to high processing speed and a broader knowledge base compared to the previous model. Felt more accurate, professional and trustworthy","Speed - the second model was significantly faster with short prompts, it provided more detailed information for the same prompts. Second model felt more preofessional, first one was average when the second one was more comprehensive and efficient",
P21,100,1168,19-36,High school diploma/A-levels,5,100,100,100,100,100,7,6,7,The chatbot was very concise and gave a short paragraph with relevant information. I felt every response was how I would like to receive the answer to my prompts. Could suggest some questions to ask if the person might want more information but now sure what to prompt.,Tried to keep a short summary of relevant information. Short and concise.,85,0,100,60,90,5,6,5,"The chatbot did well, it gave a basic summary and also additional information. In some cases it might give too much unneeded information that could be saved for future questions and save time responding.",It tried to give as much information as it could about the subject.,First chatbot added a lot of extra information and the second one was much less but more relevant.,
P22,100,1295,19-36,Secondary education (e.g. GED/GCSE),4,20,100,100,100,100,6,6,6,"the first prompt it's response was too complicated and didnt make much sense, but the rest it gave perfect answers that were easy to understand.","im not sure on the first response, seemed like it was overcomplicating the response to the question.",100,100,100,80,100,7,7,6,"it was more conversational in some of its responses, the egypt location prompt could of given more detail as it was very short and matter of fact compared to the others.",i think it performed based on the prompts quite well and seemed like it was trying to be more conversational/friendly.,"the second one was more thorough in its responses and gave more information, the first one seemed less ""friendly"" and didn't seem like it was engaging in conversation compared to the second one.",
P23,100,1926,37-54,Undergraduate degree (BA/BSc/other),3,100,0,29,0,9,2,2,2,"(I used the same first prompt as the first chatbot, in order to give a fair comparison between the two chatbots.)
 This chatbot correctly identified the bird in the first prompt. However, when asked to create a poem about ""it"" (the bird), the chatbot responded with a failure message. I rewrote my prompt to make it clearer that I want a poem written about the bird from the list, and the chabot was able to create a poem but it failed to follow the requested AABB rhyme scheme. Even when I asked the chatbot to rewrite the poem, it still responded with the same poem.",I think the chatbot lacks a competent memory about the context/content of the previous conversation turns. It also seems to have less capability in understanding about poem rhyme schemes and doesn't seem to know when the user is requesting for corrections.,100,100,65,100,100,5,5,5,"The chatbot correctly identified the bird in the first prompt. In later prompts, I referred to the bird as ""it"" and the chatbot was able to identify that I was referring to the bird from the first response. In the third prompt where I asked the chatbot to create a haiku, it returned a haiku that did not follow the 5-7-5 syllable format. I pointed out the error and the chatbot was able to reason which line was incorrect and corrected itself subsequently.",The chatbot has memory of the context of the previous conversation turns and is able to infer what I am referring to.,"The first chatbot is smarter, has better multi-turn contextual understanding, is able to tell when the user wants its response to be rewritten/corrected and is able to provide an improved response according to user feedback.
 

 The second chatbot is prone to failure, as can be seen from its second response (""Error: Inference tensors cannot be saved for backward. To work around you can make a clone to get a normal tensor and use it in autograd."") It is also unable to self-correct its response in accordance to user feedback. Overall, its response is full of mistakes and is disappointing.",
P24,100,1583,19-36,Undergraduate degree (BA/BSc/other),3,50,80,80,95,91,4,6,2,Sometimes it repeats same point in different explaination,It has limited information in its system,98,2,92,90,91,5,6,6,It gave more details on the prompt,It is more advanced,The second one give more detailed information,
P25,100,1520,37-54,Undergraduate degree (BA/BSc/other),4,89,52,51,90,100,6,5,5,The chatbot reasoned in a consistent and natural way even if it was slow to react and answer.,I think the chatbot needs more human interaction because even if it answers in a natural way but it's too slow.,49,71,61,91,81,6,5,6,"The chatbot responded in a natural, conversational way that made it easy to follow up with subsequent prompts.",I think it did because of how it is programmed but also due to the interaction with humans as a whole.,"The second chatbot was much slower, both were natural in their answers but the speed differences were evident.",
P26,100,941,19-36,Undergraduate degree (BA/BSc/other),5,78,84,81,76,66,5,6,7,I think the chat bot seemed to understand my question by analyzing the meaning of what I asked and i dont think that it shows any signs of internal thinking process but just giving responses based on patterns learned from data,It gave me accurate answers and didn't take too long,3,100,87,94,91,6,7,7,The same like the first bot but this time it had better answers and performance,"It took a little bit more than the first bot to answer but boy the answers were so much in detail and organized, he couldn't answer my first question i don't know why but overall the answers quality is way better than the first one and I'm really satisfied with it",The second one is slower but more precise and accurate and have ALOT of valuable information. and also the layout of the second one is way better.,
P27,97,1670,19-36,Graduate degree (MA/MSc/MPhil/other),6,79,79,79,89,89,5,5,5,"The chatbot identified the core topic of each question such as planets, leadership and transistors. It searched its training data to find facts and common arguments related to those topics.",The chatbot performed well because the questions were about common facts and general knowledge,80,90,90,70,60,5,5,5,"The chatbot failed to connect all the facts (Tasmania, New Zealand, and 1642) at the same time in the last response. while other responses AI Chatbot made a good job","The chatbot suffered from a logical contradiction, saying it didn't know the answer and then providing it in the last response. It predicted the second sentence without checking if it matched the ""I don't know"" statement in the first sentence. But other responses are good",The first chatbot was more prone to making logical mistakes and contradicting itself. The second chatbot was much more consistent and reliable in its factual accuracy.,
P28,100,1193,19-36,Graduate degree (MA/MSc/MPhil/other),4,90,94,91,89,80,7,7,7,It analysed the questions and answered with reference to the question,That's how it has been programmed to work,85,90,100,80,89,7,7,7,I think the chatbot understood the questions and gave the right feedback,Its well programmed,"The first chatbot did not answer the questions carefully, while the second one outshone the first one by answering all the questions correctly",
P29,100,1615,19-36,Graduate degree (MA/MSc/MPhil/other),7,80,70,84,72,81,7,7,7,Make sure that I go at the same pace as a chatbot because it's not a human,"The performance was impressive, showcasing significant improvement and excellence.s",97,90,78,90,99,5,7,7,Great ways that were used make it answe extly,"The performance was sometimes a bit slow, but the answers were good.",That it was slow sometimes and was fast,
P30,100,1405,19-36,High school diploma/A-levels,5,100,100,50,19,1,4,5,5,The chatbot took some time to think about the responses and that gave me an impression that it wanted to give accurate answers in which some of the responses it did very well. the use interface is clean and easy to figure out although it gave very long responses with some irrelevant information,The chatbot performed as it did because it is based on giving responses only rather than appealing to the user with some humor in its responses,100,80,40,100,51,6,6,5,The chatbot had a fair time to reason and gave good responses and it is worth mentioning that some of the responses were too long and did not follow what the user requested and were very irrelevant to the prompt,The chatbot might have looked for answers from different sources and that caused it to give long responses with some of the responses that were not relayed to the prompt,The first chatbot gave responses that were short and in paragraph form and took shorter time to think while the second one gave longer answers and in bullet form,
P31,100,1160,19-36,Undergraduate degree (BA/BSc/other),4,30,0,0,0,50,1,1,1,"The responses were really poor. It tried to ask for specific variables, but it didn't look like it used the information properly. Didn't provide options, didn't ask for important details.",Poor model,70,80,100,20,100,6,4,5,"Chatbot always tried to collect as many variables as possible, while showing to the prompter the information that is required to provide a reliable output. This way, the prompter (I) was able to navigate the dialogue to proper direction.",Probably it was programmed to do so.,"First one interacted on a more advanced level, considered all the relevant information, processed outputs based on user's needs. Second one felt more like a pre-programmed chatbot and not an AI LLM",
P32,100,1056,19-36,Undergraduate degree (BA/BSc/other),4,100,41,100,100,2,5,5,5,"It was direct, brief and very straight to the point, it didn't ask about how to follow up or if I needed anything more.",I think it performed well based on the fact that it was giving correct answers and didnt need to search for too long,100,100,100,100,100,7,7,7,"The chatbot was so well detailed with its responses, it gave enough information which was more than the first chatbot, it's answers were very fast to pop up","It performed well because of the details it included, I did not feel to ask any follow up questions as I had all the information I needed.",The first one gave brief answers and the second one gave well detailed answers,
P33,100,786,19-36,Graduate degree (MA/MSc/MPhil/other),1,29,15,11,0,0,3,7,4,chat was slow in responding,yes,80,58,63,100,63,6,4,3,took way to long to respond,ok not bad,slowness,
P34,100,1072,37-54,High school diploma/A-levels,3,80,30,31,49,61,3,2,3,"I felt like it was giving me misinformation - i doubted the facts it was giving me and some seemed contradictory - ie. suggesting fruit juice as a lower calories, lower sugar option, and saying that preservatives etc. added to the calories.",I just think it didn't have access to accurate information,90,90,90,80,59,6,6,6,"Mostly, decent and indepth advice given. Just a few odd parts such as checking the temperature of meat, which isn't a weight loss tip.",I don't know.,The second one laid out the information clearly in bullet points and gave lengthier answers. The first chatbot seemed to be less accurate in its facts.,
P35,100,1341,19-36,Undergraduate degree (BA/BSc/other),7,100,99,97,99,100,7,7,7,It responded very well and quickly,It was able to pick up the prompts that were provided,100,100,1,98,97,6,6,6,It was very brief with its responses and made it much easier to understand,Simply because of the clear understanding of the provided prompt o,It was the responding time,
P36,100,2383,19-36,Undergraduate degree (BA/BSc/other),4,50,70,60,71,89,5,6,5,"it gave me detailed responses, and in some, it provided me with examples making the responses much more relatable and easier to understand.",it was going according to my prompts and its responses are based on what i had asked.,81,80,89,81,90,5,6,6,"the chatbot gave me very informative responses , i did not feel too overwhelmed by the lengthy responses as they had very useful information",it wanted to give me a direction towards my questions and provide clarity in the way it answered,the second chatbot gave me more detailed responses,
P37,100,1060,19-36,Undergraduate degree (BA/BSc/other),4,61,77,80,78,60,4,3,4,The responses were moderately sensible even though they did take a bit of time to be delivered.,Probably because it needed time to calculate its answers for a more accurate response.,60,52,80,61,57,5,5,4,This time around the responses were quicker and and more detail in the sense that they were more clear and gave a better understanding of what was asked.,It probably acted on the initial feedback I gave and tweeked its features accordingly.,The initial one was more of just a test run of the whole concept of the chatbot and the second one was more of a product of field testing and seeing which features suit the end user more.,
P38,100,1294,37-54,Graduate degree (MA/MSc/MPhil/other),4,31,20,39,29,39,3,3,2,I wasn’t happy with the chatbot’s response because it didn’t feel accurate or satisfying.,The chatbot likely performed the way it did because of how it processes requests,80,80,80,80,81,5,6,5,This time the chatbot reasoned effectively by quickly interpreting the request and recognizing that it was straightforward.,"The chatbot performed well this time because the request was clear and straightforward, which allowed it to apply its reasoning process without hesitation.",First chatbot style: It followed its structured reasoning process but leaned too heavily on generic explanations. Second chatbot style: It performed better because your request was straightforward.,
P39,100,1373,37-54,Undergraduate degree (BA/BSc/other),5,69,60,79,59,72,5,7,5,"the chatbot took some trime to reason, and when it did provide the answers, they were brief though correct. i would have expected full understanding of the matters in the provided prompt, that is, a brief explanations of some things mentioned in the prompt to gain better understanding",it was more focused on providing precise brief answers instead of detailed explanations,90,57,80,93,86,6,7,6,"the chatbot reasoned well, providing precise and correct answers based on prompt intent.",the answers were as summarised or as detailed as the prompt intent,response duration and exactness of output,
P40,100,2210,19-36,Undergraduate degree (BA/BSc/other),6,30,11,100,90,86,3,4,3,It using simple web search for most of its answers.,It's interact badly with the provided prompts and Less the sens to give an adapting response.,100,69,91,100,93,6,5,6,"The chatbot is a human made and now, It is generative. According to the task(prompt), It can use it ability for interacting with the user. For example using its mathematical skills (the mode get it by trainee by human), or find the information online using several methods.",It provided great answer and interact goodly with the given prompt.,The first one is more acceptable chatbot mode than the second.,
P41,100,1479,19-36,Undergraduate degree (BA/BSc/other),5,82,80,62,19,76,5,5,5,"The chatbot took some time however it still provided me with valuable and accurate answers, as I believe.",It needed to generate the answers first before responding.,84,84,18,78,79,6,5,5,The chatbot gave very detailed answers. It took a bit longer but it gave more information.,To generate detailed answers.,"The first chatbot provided answers only while the second chatbot provided more detailed answers, and provided where words would stem from, for example.",
P42,100,1881,19-36,Undergraduate degree (BA/BSc/other),5,61,90,68,76,63,5,4,6,"the chatbot takes a very long time to process even simple, short answers! whether it writes them in a paragraph or brief points.","I think it performed this way because its processing is quite slow, giving very brief results despite the long waiting time.",79,90,70,80,78,6,5,6,"It's take so much time to reply, but it's give good answers and rearrange them very well with as much details as it can.","It seems designed to prioritize quality and structure, the time it takes to respond is likely used to cross reference details and ensure the formatting is clear and professional.","the first one was much faster and organized the information clearly in points. the second one took a lot more time to respond, but the answers were much shorter and mostly in one paragraph without the same level of organization.",
P43,100,1279,19-36,Graduate degree (MA/MSc/MPhil/other),6,78,74,83,81,83,6,6,6,"It reasons well, and the answers are correct.",Because the chatbot is updated.,97,95,96,98,95,7,6,6,Chatbot reasoning is outstanding and very effective.,It performs wonderfully well.,The first has more details in its explanation.,